-- phpMyAdmin SQL Dump
-- version 5.2.1
-- https://www.phpmyadmin.net/
--
-- Host: 127.0.0.1
-- Tempo de geração: 18/04/2025 às 15:48
-- Versão do servidor: 10.4.28-MariaDB
-- Versão do PHP: 8.0.28

SET SQL_MODE = "NO_AUTO_VALUE_ON_ZERO";
START TRANSACTION;
SET time_zone = "+00:00";


/*!40101 SET @OLD_CHARACTER_SET_CLIENT=@@CHARACTER_SET_CLIENT */;
/*!40101 SET @OLD_CHARACTER_SET_RESULTS=@@CHARACTER_SET_RESULTS */;
/*!40101 SET @OLD_COLLATION_CONNECTION=@@COLLATION_CONNECTION */;
/*!40101 SET NAMES utf8mb4 */;

--
-- Banco de dados: `pedidos`
--

-- --------------------------------------------------------

--
-- Estrutura para tabela `e075pro`
--

CREATE TABLE `e075pro` (
  `id` int(8) NOT NULL,
  `CodPro` varchar(10) NOT NULL,
  `DesPro` varchar(200) NOT NULL,
  `UniMed` varchar(20) NOT NULL
) ENGINE=InnoDB DEFAULT CHARSET=latin1 COLLATE=latin1_swedish_ci;

--
-- Despejando dados para a tabela `e075pro`
--

INSERT INTO `e075pro` (`id`, `CodPro`, `DesPro`, `UniMed`) VALUES
(1, '020240001', 'MANGANES BIOMETAL FOLIAR - EMBALAGEM 1L', 'EMB 1l'),
(2, '020240002', 'MANGANES BIOMETAL FOLIAR - EMBALAGEM 5L', 'EMB 5l'),
(3, '020240003', 'MANGANES BIOMETAL FOLIAR - EMBALAGEM 20L ', 'EMB 20l'),
(4, '020240004', 'ZINCO BIOMETAL FOLIAR - EMBALAGEM 1L', 'EMB 1l'),
(5, '020240006', 'ZINCO BIOMETAL FOLIAR - EMBALAGEM 20L  ', 'EMB 20l'),
(6, '020240008', 'FERRO BIOMETAL FOLIAR - EMBALAGEM 5L', 'EMB 5l'),
(7, '020240009', 'FERRO BIOMETAL FOLIAR - EMBALAGEM 20L  ', 'EMB 20l'),
(8, '020240010', 'COBRE BIOMETAL FOLIAR - EMBALAGEM 1L', 'EMB 1l'),
(9, '020240012', 'COBRE BIOMETAL FOLIAR - EMBALAGEM 20L  ', 'EMB 20l'),
(10, '020240013', 'BORO BIOMETAL FOLIAR - EMBALAGEM 1L ', 'EMB 1l'),
(11, '020240014', 'BORO BIOMETAL FOLIAR - EMBALAGEM 5L ', 'EMB 5l'),
(12, '020240015', 'BORO BIOMETAL FOLIAR - EMBALAGEM 20L', 'EMB 20l'),
(13, '020240020', 'MAGNESIO BIOMETAL FOLIAR - EMBALAGEM 5L', 'EMB 5l'),
(14, '020240021', 'MAGNESIO BIOMETAL FOLIAR - EMBALAGEM 20L ', 'EMB 20l'),
(15, '020240024', 'CAB BIOMETAL FOLIAR - EMBALAGEM 20L ', 'EMB 20l'),
(16, '020240025', 'POTASSIO BIOMETAL FOLIAR - EMBALAGEM 1L', 'EMB 1l'),
(17, '020240027', 'POTASSIO BIOMETAL FOLIAR - EMBALAGEM 20L ', 'EMB 20l'),
(18, '020240031', 'PROTEMAX FOLIAR - EMBALAGEM 1L', 'EMB 1l'),
(19, '020240033', 'PROTEMAX FOLIAR - EMBALAGEM 20L  ', 'EMB 20l'),
(20, '020240035', 'MOLIBDENIO BIOMETAL FOLIAR - EMBALAGEM 1L', 'EMB 1l'),
(21, '020240036', 'MOLIBDENIO BIOMETAL FOLIAR - EMBALAGEM 5L', 'EMB 5l'),
(22, '020240037', 'MANGANES BIOMETAL FOLIAR - CAIXA 12X1  ', 'CAIXA 12X1'),
(23, '020240038', 'MANGANES BIOMETAL FOLIAR - CAIXA 4X5', 'CAIXA 4X5'),
(24, '020240039', 'ZINCO BIOMETAL FOLIAR - CAIXA 12X1  ', 'CAIXA 12X1'),
(25, '020240040', 'ZINCO BIOMETAL FOLIAR - CAIXA 4X5', 'CAIXA 4X5'),
(26, '020240041', 'FERRO BIOMETAL FOLIAR - CAIXA 12X1  ', 'CAIXA 12X1'),
(27, '020240043', 'COBRE BIOMETAL FOLIAR - CAIXA - 12X1', 'CAIXA 12X1'),
(28, '020240044', 'COBRE BIOMETAL FOLIAR - CAIXA - 4X5 ', 'CAIXA 4X5'),
(29, '020240045', 'BORO BIOMETAL FOLIAR - CAIXA 12X1', 'CAIXA 12X1'),
(30, '020240046', 'BORO BIOMETAL FOLIAR - CAIXA 4X5 ', 'CAIXA 4X5'),
(31, '020240050', 'MAGNESIO BIOMETAL FOLIAR - CAIXA 12X1  ', 'CAIXA 12X1'),
(32, '020240051', 'MAGNESIO BIOMETAL FOLIAR - CAIXA 4X5', 'CAIXA 4X5'),
(33, '020240052', 'CAB BIOMETAL FOLIAR - CAIXA 12X1 ', 'CAIXA 12X1'),
(34, '020240053', 'CAB BIOMETAL FOLIAR - CAIXA 4X5  ', 'CAIXA 4X5'),
(35, '020240055', 'POTASSIO BIOMETAL FOLIAR - CAIXA 4X5', 'CAIXA 4X5'),
(36, '020240058', 'PROTEMAX FOLIAR - CAIXA 12X1  ', 'CAIXA 12X1'),
(37, '020240059', 'PROTEMAX FOLIAR - CAIXA 4X5', 'CAIXA 4X5'),
(38, '020240061', 'MOLIBDENIO BIOMETAL FOLIAR - CAIXA 4X5 ', 'CAIXA 4X5'),
(39, '020240062', 'MOLIBDENIO BIOMETAL FOLIAR - EMBALAGEM 20L  ', 'EMB 20l'),
(40, '020240081', 'CALCIO BIOMETAL FOLIAR PO - CAIXA 10X1,5KG  ', 'CAIXA 10X1,5KG'),
(41, '020240082', 'CALCIO BIOMETAL FOLIAR PO - EMBALAGEM 1,5KG ', 'EMB 2,5kg'),
(42, '020240099', 'MANGANES BIOMETAL FOLIAR - IBC 1000L', 'IBC'),
(43, '020240100', 'PROTEMAX FOLIAR - IBC 1000L', 'IBC'),
(44, '020240136', 'NPA EXTRATUS - EMBALAGEM 20L  ', 'EMB 20l'),
(45, '020240137', 'NPA EXTRATUS - CAIXA 4X5', 'CAIXA 4X5'),
(46, '020240153', 'PROTEMAX START - EMBALAGEM 20L', 'EMB 20l'),
(47, '020240157', 'PROTEMAX ATR - EMBALAGEM 20L  ', 'EMB 20l'),
(48, '020240164', 'PROTEMAX BRIX - EMBALAGEM 1L  ', 'EMB 1l'),
(49, '020240169', 'PROTEMAX VEGETATIVO - EMBALAGEM 20L ', 'EMB 20l'),
(50, '020240175', 'PROTEMAX PASTAGEM - EMBALAGEM 20L', 'EMB 20l'),
(51, '020240186', 'PROTEMAX LEAF - EMBALAGEM 20L ', 'EMB 20l'),
(52, '020240192', 'PROTEMAX FLOWER - EMBALAGEM 20L  ', 'EMB 20l'),
(53, '020240198', 'PROTEMAX GRAIN - EMBALAGEM 20L', 'EMB 20l'),
(54, '020240210', 'MOLIBDENIO BIOMETAL FOLIAR - IBC 1000L ', 'IBC'),
(55, '020240215', 'GOTA LIMPA TANQUE - CAIXA 12X1', 'CAIXA 12X1'),
(56, '020240219', 'GOTA NEUTRO - EMBALAGEM 1L ', 'EMB 1l'),
(57, '020240222', 'GOTA NEUTRO - CAIXA 4X5 ', 'CAIXA 4X5'),
(58, '020240223', 'GOTA NEUTRO - CAIXA 12X1', 'CAIXA 12X1'),
(59, '020240225', 'GOTA REDUTOR - EMBALAGEM 1L', 'EMB 1l'),
(60, '020240228', 'GOTA REDUTOR - CAIXA 4X5', 'CAIXA 4X5'),
(61, '020240229', 'GOTA REDUTOR - CAIXA 12X1  ', 'CAIXA 12X1'),
(62, '020240239', 'NIQUEL BIOMETAL FOLIAR - EMBALAGEM 20L ', 'EMB 20l'),
(63, '020240246', 'NPA METAFORCE SE - CAIXA 12X1 ', 'CAIXA 12X1'),
(64, '020240250', 'NPA METAFORCE SE - EMBALAGEM 1L  ', 'EMB 1l'),
(65, '020240258', 'HT Cálcio - Caixa 10x1,5KG ', 'CAIXA 4X5'),
(66, '020240262', 'HT Manganês - Caixa 4x5 ', 'CAIXA 4X5'),
(67, '020240265', 'MOLCOBNI BIOMETAL FOLIAR - CAIXA 4X5', 'CAIXA 4X5'),
(68, '020240268', 'NPA CERRADAO AMENDOIM - IBC 1000L', 'IBC'),
(69, '020240284', 'NPA SUPER BASE - CAIXA 20X1 L ', 'CAIXA 20X1'),
(70, '020240285', 'NPA SUPER BASE - CAIXA 4X5 L  ', 'CAIXA 4X5'),
(71, '020240286', 'HT MOLIBDENIO - CAIXA 12X1 ', 'CAIXA 12X1'),
(72, '020240287', 'HT Start - Caixa 4x5 ', 'CAIXA 4X5'),
(73, '020240289', 'HT START - CAIXA 12X1', 'CAIXA 12X1'),
(74, '020240290', 'MOLCOBNI BIOMETAL FOLIAR - EMBALAGEM 5L', 'EMB 5l'),
(75, '020240292', 'NPA SUPER BASE - EMBALAGEM 1L ', 'EMB 1l'),
(76, '020240293', 'NPA SUPER BASE - EMBALAGEM 5L ', 'EMB 1l'),
(77, '020240294', 'NPA SPEED MATUR - CAIXA 4X5', 'CAIXA 4X5'),
(78, '020240295', 'NPA SPEED MATUR - EMBALAGEM 20L  ', 'EMB 20l'),
(79, '020240297', 'MOLCOBNI BIOMETAL FOLIAR - EMBALAGEM 1L', 'EMB 1l'),
(80, '020240306', 'NPA METAFORCE PRIMING - EMBALAGEM 20L  ', 'EMB 20l'),
(81, '020240307', 'NPA METAFORCE PRIMING - CAIXA 4X5L  ', 'CAIXA 4X5'),
(82, '020240308', 'NPA METAFORCE POWER - CAIXA 4X5L ', 'CAIXA 4X5'),
(83, '020240309', 'NPA METAFORCE POWER - EMBALAGEM 20L ', 'EMB 20l'),
(84, '020240310', 'NPA METAFORCE POWER - EMBALAGEM 5L  ', 'EMB 5l'),
(85, '020240320', 'NPA SPEED COFFEE PROTEMAX - CAIXA 4X5L ', 'CAIXA 4X5'),
(86, '020240321', 'NPA SPEED COFFEE PROTEMAX - EMBALAGEM 20L', 'EMB 20l'),
(87, '020240330', 'NPA METAFORCE PRIMING - EMBALAGEM 1L', 'EMB 1l'),
(88, '020240331', 'NPA METAFORCE POWER - EMBALAGEM 1L  ', 'EMB 1l'),
(89, '020240334', 'AMINO TORQ - EMBALAGEM 20L ', 'EMB 20l'),
(90, '020240339', 'MOLCOBNI BIOMETAL FOLIAR - EMBALAGEM 20L ', 'EMB 20l'),
(91, '020240355', 'HT INTENSIVA - CAIXA 4X5L  ', 'CAIXA 4X5'),
(92, '020240357', 'NPA SUPER BASE - CAIXA 14X0,5 KG ', 'CAIXA 14X0,5 KG'),
(93, '020240360', 'NPA SPEED COLOR - EMBALAGEM 5L', 'EMB 5l'),
(94, '020240361', 'NPA SPEED COLOR - EMBALAGEM 20L  ', 'EMB 20l'),
(95, '020240364', 'NPA SPEED COLOR - CAIXA 4X5', 'CAIXA 4X5'),
(96, '020240381', 'FORTE KS - EMBALAGEM 20L', 'EMB 20l'),
(97, '020240383', 'NPA SUPER BASE - CAIXA 10X0,5KG  ', 'CAIXA 10X0,5KG'),
(98, '020240384', 'HT POTASSIO - EMBALAGEM 20L', 'EMB 20l'),
(99, '020240385', 'NPA SUPER BASE - EMBALAGEM 20L', 'EMB 20l');

-- --------------------------------------------------------

--
-- Estrutura para tabela `e085cli`
--

CREATE TABLE `e085cli` (
  `id` int(11) NOT NULL,
  `CodCli` int(10) DEFAULT NULL,
  `NomCli` varchar(200) NOT NULL,
  `TipCli` varchar(1) NOT NULL,
  `CgcCpf` varchar(20) NOT NULL,
  `EndCli` varchar(200) NOT NULL,
  `CepCli` varchar(10) NOT NULL,
  `BaiCli` varchar(20) NOT NULL,
  `CidCli` varchar(100) NOT NULL,
  `SigUfs` varchar(2) NOT NULL,
  `CodRep` int(8) NOT NULL
) ENGINE=InnoDB DEFAULT CHARSET=latin1 COLLATE=latin1_swedish_ci;

--
-- Despejando dados para a tabela `e085cli`
--

INSERT INTO `e085cli` (`id`, `CodCli`, `NomCli`, `TipCli`, `CgcCpf`, `EndCli`, `CepCli`, `BaiCli`, `CidCli`, `SigUfs`, `CodRep`) VALUES
(1, 284, 'USINA SANTA ADELIA S/A', 'J', '50376938000189', 'FAZENDA SANTA ADELIA', '14870970', 'ZONA RURAL', 'JABOTICABAL', 'SP', 32),
(2, 1251, 'USINA ALTO ALEGRE S/A ACUCAR E ALCOOL', 'J', '48295562001884', 'COLONIA ZACARIAS DE GOIS', '86650000', 'ZONA RURAL', 'SANTO INACIO', 'PR', 32),
(3, 3222, 'ANTONIO MANOEL DA SILVA JUNIOR E OUTROS', 'J', '8016566000113', 'FAZENDA PORTO BRASIL', '14530000', 'ZONA RURAL', 'MIGUELOPOLIS', 'SP', 32),
(4, 3223, 'ANTONIO MANOEL DA SILVA JUNIOR E OUTROS', 'J', '8016566000202', 'FAZENDA SANTA CATARINA', '14530000', 'ZONA RURAL', 'MIGUELOPOLIS', 'SP', 32),
(5, 3224, 'ANTONIO MANOEL DA SILVA JUNIOR E OUTROS', 'J', '8016566000709', 'FAZENDA FIGUEIRCO - ESTRADA GUAIARA A MIGUELOPOLIS', '14530000', 'RURAL', 'MIGUELOPOLIS', 'SP', 32),
(6, 3226, 'IPE AGRICOLA LTDA', 'J', '31049713000173', 'AVENIDA TREZE DE MAIO', '14870160', 'CENTRO', 'JABOTICABAL', 'SP', 32),
(7, 3313, 'JF CITRUS AGROPECUARIA S/A', 'J', '8104691000185', 'RUA CORONEL CANDIDO PROCOPIO DE OLIVEIRA', '14711114', 'DISTRITO INDUSTRIAL', 'BEBEDOURO', 'SP', 32),
(8, 3321, 'JF CITRUS AGROPECUARIA S/A', 'J', '8104691002714', 'ESTRADA MUNICIPAL BEBEDOURO - ANDES', '14700970', 'ZONA RURAL', 'BEBEDOURO', 'SP', 32),
(9, 3315, 'JF CITRUS AGROPECUARIA S/A', 'J', '8104691002048', 'AREA RURAL ROD BR 050 KM 116 FAZ SANTA VITORIA', '38099899', 'ZONA RURAL', 'UBERABA', 'MG', 32),
(10, 4053, 'ANTONIO JOSE ZILLO', 'J', '8480862000251', 'FAZENDA PARAISO DO MORRO', '18590000', 'SEDE', 'BOFETE', 'SP', 32),
(11, 4056, 'DALVO PAULO BERTI E OUTROS', 'J', '8577881000110', 'FAZENDA SAO PAULO I', '15400000', 'ZONA RURAL', 'OLIMPIA', 'SP', 32),
(12, 4081, 'AGROPECUARIA FAZENDA PEDRO ELIAS LTDA - ME', 'J', '9260825000110', 'ROD PA 242 CAPANEMA PEIXE BOI', '68734000', 'ANAUERI', 'PEIXE-BOI', 'PA', 32),
(13, 3221, 'ADNAER BARROS LELIS', 'J', '8006921000254', 'FAZENDA SANTA HELENA - ESTRADA DE GUAIARA A SERTAOZINHO', '14790000', 'RURAL', 'GUAIRA', 'SP', 32),
(14, 3230, 'USINA SANTA ISABEL S/A', 'J', '47524632000118', 'FAZ TRES PONTES', '9600000', 'BAIRRO TRES PONTES', 'NOVO HORIZONTE', 'SP', 32),
(15, 3232, 'RAUL CESAR CABRAL ARCHANGELO', 'F', '8350104813', 'FAZENDA MARIKANA', '38415999', 'ZONA RURAL', 'UBERLANDIA', 'MG', 32),
(16, 3244, 'OSCAR RAZERA', 'F', '35682825004', 'FAZENDA RIO CLARO 1', '38190000', 'ZONA RURAL', 'SACRAMENTO', 'MG', 32),
(17, 3246, 'RICARDO JOSE RAZERA', 'F', '33314714882', 'AV. CEL. ZACARIAS BORGES DE ARAUJO', '38064700', 'DISTRITO INDUSTRIAL ', 'UBERABA', 'MG', 32),
(18, 3372, 'EUVANIR DELEFRATI', 'F', '21010811991', 'RUA SANTA CATARINA', '86170000', 'JARDIM SANTA CLARA', 'SERTANOPOLIS', 'PR', 32),
(19, 3373, 'TJG AGROPECUARIA LTDA', 'J', '26928651000644', 'ESTRADA MUNICIPAL NOVA GRANADA/ALTAIR', '15440000', 'ZONA RURAL', 'NOVA GRANADA', 'SP', 32),
(20, 3366, 'GUSTAVO GARCIA CID E OUTROS', 'F', '88007570900', 'FAZENDA BARRA MANSA', '87850000', 'ZONA RURAL', 'AMAPORA', 'PR', 32),
(21, 3397, 'ALEXANDRE FUNARI NEGRAO(Espolio)', 'F', '62346890863', 'FAZENDA CONFORTO', '76520000', 'ZONA RURAL', 'NOVA CRIXAS', 'GO', 32),
(22, 4827, 'AGROPECUARIA PRIMAVERA LTDA', 'J', '33277096000199', 'FAZ SAO MANOEL', '75570000', 'ZONA RURAL', 'BOM JESUS DE GOIAS', 'GO', 32),
(23, 4837, 'S.A. USINA CORURIPE ACUCAR E ALCOOL', 'J', '12229415001001', 'RODOVIA BR 497 KM 15', '38280000', 'ZONA RURAL', 'ITURAMA', 'MG', 32),
(24, 3417, 'AGNALDO BENEDITO MANZAN', 'F', '18215700659', 'SITIO LAGOINHA', '38195000', 'ZONA RURAL', 'CONQUISTA', 'MG', 32),
(25, 3385, 'GUSTAVO GARCIA CID E OUTROS', 'F', '88007570900', 'FAZENDA CACHOEIRA 2C', '86170000', 'ZONA RURAL', 'SERTANOPOLIS', 'PR', 32),
(26, 3426, 'ROMILDO CARVALHO CUNHA', 'J', '21388623000153', 'FAZENDA ESMERALDA', '19590000', 'ZONA RURAL', 'TACIBA', 'SP', 32),
(27, 3427, 'CLAUDIO SABINO CARVALHO FILHO E OUTROS', 'F', '2956670603', 'CHACARA NAVIRAO', '38099999', 'ZONA RURAL', 'UBERABA', 'MG', 32),
(28, 3456, 'OTAVIO JUNQUEIRA MOTTA LUIZ E OUTRO', 'J', '7948124000142', 'FAZENDA ROSARIO - GLEBA I', '14790000', 'ZONA RURAL', 'GUAIRA', 'SP', 32),
(29, 3472, 'CANAPOLIS ACUCAR E ETANOL S.A', 'J', '28144326000101', 'RODOVIA BR-365 KM 734', '38380000', 'ZONA RURAL', 'CANAPOLIS', 'MG', 32),
(30, 3438, 'LUCIANO MARCUSSI LARA E OUTROS', 'F', '22119832862', 'RURAL', '38400000', 'ZONA RURAL', 'UBERLANDIA', 'MG', 32),
(31, 3476, 'ANA ALZIRA FONSECA AZEVEDO E OUTROS', 'J', '8157821000148', 'FAZENDA PIRAGUASSU', '14660000', 'ZONA RURAL', 'SALES OLIVEIRA', 'SP', 32),
(32, 3482, 'AGROPECUARIA IRMAOS PARO S/A', 'J', '16500569000156', 'AVENIDA PREFEITO FRANCISCO MARTINS ALVAREZ', '14706200', 'PARQUE ELDORADO', 'BEBEDOURO', 'SP', 32),
(33, 3506, 'SUSANA RIBEIRO DE MENDONCA PIRES DE CAMPOS', 'F', '17225369857', 'FAZENDA BAESSA', '75970000', 'ZONA RURAL', 'TURVELANDIA', 'GO', 32),
(34, 3477, 'VALE DO PONTAL ACUCAR E ETANOL LTDA.', 'J', '8057019000186', 'ESTRADA ANTONIO CABRERA MANO KM 02', '38295000', 'ZONA RURAL', 'LIMEIRA DO OESTE', 'MG', 32),
(35, 3491, 'HENRIQUE DEL MONTE MARCUSSI E OUTROS', 'F', '33603341830', 'FAZENDA MACAUBA - RODOVIA BR 050 KM 124', '38099999', 'ZONA RURAL', 'UBERABA', 'MG', 32),
(36, 3492, 'FRANCISCO FERES JUNQUEIRA E OUTROS', 'F', '33412212806', 'RODOVIA BR 050 KM 118', '38099999', 'ZONA RURAL', 'UBERABA', 'MG', 32),
(37, 3493, 'GABRIEL FERES JUNQUEIRA', 'F', '32223976867', 'FAZENDA ONCA', '38415999', 'ZONA RURAL', 'UBERLANDIA', 'MG', 32),
(38, 3512, 'ALEXANDRE JORGE SAQUY NETO', 'J', '8041083000179', 'FAZENDA SAO JOAO - ESTRADA ESTADUAL SP 328 KM 6', '14680000', 'ZONA RURAL', 'JARDINOPOLIS', 'SP', 32),
(39, 3550, 'LEANDRO GIROTTO DA CRUZ', 'J', '20714281000151', 'SITIO SANTA AMALIA - 5,0 HA', '14790000', 'ZONA RURAL', 'GUAIRA', 'SP', 32),
(40, 3588, 'OROTEC DISTRIBUIDORA DE FERTILIZANTES LTDA', 'J', '10251332000100', 'RUA WASHINGTON LUIZ', '14085190', 'VILA TAMANDARE', 'RIBEIRAO PRETO', 'SP', 32),
(41, 3549, 'VINICIUS JACOMINI ABUD', 'F', '5234718158', 'FAZENDA BELA VISTA', '75560000', 'ZONA RURAL', 'CACHOEIRA DOURADA', 'GO', 32),
(42, 3569, 'ANTONIO DE BESSA PRIMO E OUTROS', 'F', '28887123691', 'FAZENDA PRATA DE BAIXO', '38120000', 'ZONA RURAL', 'CONCEICAO DAS ALAGOAS', 'MG', 32),
(43, 3565, 'BACURI AGRICOLA LTDA', 'J', '10669212000110', 'A CERRADAO', '38200000', 'ZONA RURAL', 'FRUTAL', 'MG', 32),
(44, 3568, 'OTAVIO QUEIROZ E OUTROS', 'F', '4581419689', 'FAZENDA SAO JOSE', '38200000', 'ZONA RURAL', 'FRUTAL', 'MG', 32),
(45, 3601, 'LUCAS GIROTTO DA CRUZ E OUTRO(S)', 'F', '1555717616', 'FAZENDA BOA VISTA', '38099999', 'ZONA RURAL', 'UBERABA', 'MG', 32),
(46, 3610, 'RAFAEL AZEVEDO LOPES', 'F', '34686159814', 'FAZENDA CAMPO ALTO', '75825000', 'ZONA RURAL', 'APORE', 'GO', 32),
(47, 3661, 'PITANGUEIRAS ACUCAR E ALCOOL LTDA', 'J', '44870939000182', 'FAZENDA SANTA RITA', '14750000', 'ZONA RURAL', 'PITANGUEIRAS', 'SP', 32),
(48, 3635, 'MARCOS FOSCARINI e outro(s)', 'F', '1192138694', 'ESTANCIA SANTA TEREZINHA', '38099999', 'ZONA RURAL', 'UBERABA', 'MG', 32),
(49, 3636, 'ANTONIO JOSE DOS SANTOS FERREIRA', 'F', '7539869658', 'FAZENDA CAPAO DOS PORCOS', '38190000', 'ZONA RURAL', 'SACRAMENTO', 'MG', 32),
(50, 3517, 'GUANABARA AGRICOLA LTDA', 'J', '3729834000120', 'FAZENDA GUANABARA', '78370000', 'ZONA RURAL', 'NOVA OLIMPIA', 'MT', 32),
(51, 3574, 'USINA CAROLO S/A-ACUCAR E ALCOOL', 'J', '55109474000168', 'FAZENDA CONTENDAS', '14180000', 'ZONA RURAL', 'PONTAL', 'SP', 32),
(52, 3548, 'CARMEM IZILDINHA C. LEAO PENARIOL E OUTROS', 'J', '8697325003011', 'FAZENDA TRES BARRAS I', '14725000', 'ZONA RURAL', 'TAIACU', 'SP', 32),
(53, 3541, 'FAZENDA MAMONA', 'F', '4150464677', 'MAMONA', '38140000', 'ZONA RURAL', 'PRATA', 'MG', 32),
(54, 3585, 'THIAGO LOPES PEREIRA', 'F', '9708587605', 'FAZENDA SANTA MARTA', '38099999', 'ZONA RURAL', 'UBERABA', 'MG', 32),
(55, 3587, 'AGROPECUARIA INTEGRACAO LTDA.', 'J', '14519252000136', 'ESTRADA MUNICIPAL DE SAO CARLOS A AGUA VERMELHA', '13560970', 'ZONA RURAL', 'SAO CARLOS', 'SP', 32),
(56, 3577, 'DENISE DIVINA DA SILVA DUTRA', 'F', '70467595615', 'FAZENDA CASSU', '38059367', 'ZONA RURAL', 'UBERABA', 'MG', 32),
(57, 3579, 'ELISABETE CRISTINA ACHE BALBO', 'F', '18115094870', 'FAZENDA DALLAS', '38099999', 'ZONA RURAL', 'UBERABA', 'MG', 32),
(58, 3634, 'JOSE PEDRO ANDRADE', 'F', '2662410850', 'FAZENDA CERRADAO', '38200000', 'ZONA RURAL', 'FRUTAL', 'MG', 32),
(59, 3706, 'JOSE ERNESTO CADELCA E OUTRO(S)', 'F', '59499630830', 'FAZENDA SANTA MARIA', '38160000', 'ZONA RURAL', 'NOVA PONTE', 'MG', 32),
(60, 3699, 'PAULO ARTHUR CHAIM SABONGE E OUTROS', 'F', '21497132843', 'FAZENDA BOA ESPERANCA', '38609899', 'ZONA RURAL', 'PARACATU', 'MG', 32),
(61, 3711, 'TJ SERVICOS DE CULTIVO E COLHEITA - EIRELI', 'J', '16649514000102', 'RUA ITAPIRA', '14090285', 'JARDIM PAULISTANO', 'RIBEIRAO PRETO', 'SP', 32),
(62, 3730, 'BRASILAGRO CIA BRASILEIRA DE PROPRIEDADES AGRICOLA', 'J', '7628528000310', 'RODOVIA GO 341 KM, 70 A DIREITA 3 KM', '75830000', 'ZONA RURAL', 'MINEIROS', 'GO', 32),
(63, 3742, 'JUTAHY DE OLIVEIRA JUNIOR', 'F', '33395845168', 'RUA CLEMENTE TIAGO DINIZ', '88140000', 'CENTRO', 'SANTO AMARO DA IMPERATRIZ', 'SC', 32),
(64, 3738, 'ADALBERTO JOSE QUEIROZ', 'F', '3716694649', 'FAZENDA JANDAIA', '38295000', 'ZONA RURAL', 'LIMEIRA DO OESTE', 'MG', 32),
(65, 3739, 'FLORENCIO QUEIROZ NETO e outro(s)', 'F', '3555312677', 'FAZENDA CIDAMAR', '38240000', 'ZONA RURAL', 'ITAPAGIPE', 'MG', 32),
(66, 3746, 'SOCIEDADE AGRO-PECUARIA SAO CARLOS LTDA', 'J', '59598011000400', 'FAZ JANGADA BRAVA', '14930000', 'ZONA RURAL', 'BOA ESPERANCA DO SUL', 'SP', 32),
(67, 3782, 'JALLES MACHADO S.A.', 'J', '2635522000195', 'FAZENDA SAO PEDRO', '76380000', 'ZONA RURAL', 'GOIANESIA', 'GO', 32),
(68, 3761, 'ASS. DOS FORNECEDORES DE CANA DA REGIAO DE CATANDUVA', 'J', '47074141000112', 'RUA ANTONIO GIROL', '15807000', 'SICOPAN', 'CATANDUVA', 'SP', 32),
(69, 3813, 'OLIMPIO BALBO E OUTRA', 'J', '32724634000183', 'SITIO SANTA MARIA', '15400000', 'TAMANDUA', 'OLIMPIA', 'SP', 32),
(70, 3814, 'CELIO MARCIO SORCI', 'J', '8246073000170', 'FAZENDA NOVA SANTA MARIA', '15420000', 'ZONA RURAL', 'GUARACI', 'SP', 32),
(71, 3815, 'EDSON ROBERTO PILOTO E OUTRO', 'J', '8634074000191', 'SITIO BOM JESUS', '15890000', 'PINGADOURO', 'UCHOA', 'SP', 32),
(72, 3816, 'JOSE CARLOS MARIN', 'J', '10357854000264', 'FAZENDA JARDIM', '15470000', 'ZONA RURAL', 'PALESTINA', 'SP', 32),
(73, 3824, 'ANDRE LUIS FONSECA AZEVEDO E OUTRO', 'J', '8198881000109', 'SITIO CANARANA', '14620000', 'ZONA RURAL', 'ORLANDIA', 'SP', 32),
(74, 3817, 'MIGUEL QUILES BIAGI', 'J', '24864249000103', 'SITIO SAO SEBASTIAO', '15400000', 'LARANJEIRAS', 'OLIMPIA', 'SP', 32),
(75, 3819, 'IPE AGRICOLA LTDA', 'J', '31049713000505', 'SITIO CONTENDAS', '14897899', 'ZONA RURAL', 'JABOTICABAL', 'SP', 32),
(76, 3820, 'IPE AGRICOLA LTDA', 'J', '31049713000688', 'FAZENDA ALVORADA', '14897899', 'ZONA RURAL', 'JABOTICABAL', 'SP', 32),
(77, 3845, 'USINA ALTO ALEGRE S/A - ACUCAR E ALCOOL', 'J', '48295562001108', 'FAZENDA ALTA FLORESTA', '19140470', 'AMELIOPOLIS', 'PRESIDENTE PRUDENTE', 'SP', 32),
(78, 3848, 'JOSE DE ALENCAR MATTA', 'J', '7949114001284', 'FAZENDA ARAXA', '14735000', 'ZONA RURAL', 'SEVERINIA', 'SP', 32),
(79, 3850, 'DARCY GETULIO FERRARIN E OUTROS', 'F', '6167012091', 'FAZENDA SANTA MARIA DA AMAZONIA', '78890000', 'ZONA RURAL', 'SORRISO', 'MT', 32),
(80, 3855, 'IPE AGRICOLA LTDA', 'J', '31049713000416', 'FAZENDA SANTA FE', '14897899', 'ZONA RURAL', 'JABOTICABAL', 'SP', 32),
(81, 3853, 'WILSON GOMES DOS SANTOS', 'F', '47678151691', 'FAZENDA ITABERABA', '38099999', 'ZONA RURAL', 'UBERABA', 'MG', 32),
(82, 3860, 'IPE AGRICOLA LTDA', 'J', '31049713001064', 'FAZENDA SAO JOSE I', '15980000', 'ZONA RURAL', 'DOBRADA', 'SP', 32),
(83, 3861, 'IPE AGRICOLA LTDA', 'J', '31049713001730', 'FAZENDA SANTA ELISA', '14811899', 'ZONA RURAL', 'ARARAQUARA', 'SP', 32),
(84, 3862, 'IPE AGRICOLA LTDA', 'J', '31049713001811', 'FAZENDA SAO LUIZ', '14811899', 'ZONA RURAL', 'ARARAQUARA', 'SP', 32),
(85, 3863, 'IPE AGRICOLA LTDA', 'J', '31049713001900', 'FAZENDA SAO JOAO BATISTA', '14811899', 'ZONA RURAL', 'ARARAQUARA', 'SP', 32),
(86, 3864, 'IPE AGRICOLA LTDA', 'J', '31049713002036', 'FAZENDA TERRA BOA', '14811899', 'ZONA RURAL', 'ARARAQUARA', 'SP', 32),
(87, 3865, 'ADILSON FERNANDO FRANCO LOPES E OUTRO', 'J', '8101620000129', 'SITIO SANTA LUZIA', '15440000', 'FAZENDA PIAU', 'NOVA GRANADA', 'SP', 32),
(88, 3866, 'MIRCERA VALKIRIA LEME', 'J', '18370384000604', 'SITIO SAO JOAO', '15400000', 'LAMBARI', 'OLIMPIA', 'SP', 32),
(89, 3878, 'JOSE DE ALENCAR MATTA', 'J', '7949114001365', 'FAZENDA SANTA LUZIA', '14770000', 'ZONA RURAL', 'COLINA', 'SP', 32),
(90, 3879, 'JOSE DE ALENCAR MATTA', 'J', '7949114001608', 'FAZENDA BRASIL', '15140000', 'BARRA GRANDE', 'BALSAMO', 'SP', 32),
(91, 3898, 'COMPANHIA MELHORAMENTOS NORTE DO PARANA', 'J', '61082962000474', 'ROD BR 376, KM 36 LOTE 4-A', '87970000', 'ZONA RURAL', 'NOVA LONDRINA', 'PR', 32),
(92, 3867, 'AGRICOLA PENARIOL LTDA.', 'J', '38174589000540', 'SITIO SANTA MARIA I', '14870970', 'ZONA RURAL', 'JABOTICABAL', 'SP', 32),
(93, 3868, 'USINA ALTO ALEGRE S/A ACUCAR E ALCOOL', 'J', '48295562001450', 'FAZENDA JUNQUEIRA', '86690000', 'ZONA RURAL', 'COLORADO', 'PR', 32),
(94, 3869, 'USINA ALTO ALEGRE S/A ACUCAR E ALCOOL', 'J', '48295562001965', 'ROD JOAO LUNARDELLI PR 170 KM 54,3', '86165000', 'ZONA RURAL', 'FLORESTOPOLIS', 'PR', 32),
(95, 3881, 'JALLES MACHADO S/A - UOL', 'J', '2635522004930', 'FAZENDA LAVRINHA SAO SEBASTIAO', '76388899', 'ZONA RURAL', 'GOIANESIA', 'GO', 32),
(96, 3892, 'BULLE ARRUDA S/A AGROPASTORIL', 'J', '54051982000170', 'FAZENDA MONTE VERDE', '15410000', 'ZONA RURAL', 'CAJOBI', 'SP', 32),
(97, 3894, 'COMPANHIA MELHORAMENTOS NORTE DO PARANA', 'J', '61082962000393', 'FAZ JUSSARA - EST JUSSARA', '87230000', 'ZONA RURAL', 'JUSSARA', 'PR', 32),
(98, 3896, 'SEGUNDO BALDAN', 'J', '11687719000169', 'ESTANCIA BALDAN', '15400000', 'µGUA PARADA', 'OLIMPIA', 'SP', 32),
(99, 3899, 'COMPANHIA MELHORAMENTOS NORTE DO PARANA', 'J', '61082962000636', 'ROD MELO PEIXOTO KM 6 BR 369', '86400000', 'ZONA RURAL', 'JACAREZINHO', 'PR', 32),
(100, 3900, 'GASTAO DE SOUZA MESQUITA', 'F', '53106520868', 'FAZENDA CACHOEIRA SANTO ANTONIO', '87980000', 'ZONA RURAL', 'ITAUNA DO SUL', 'PR', 32),
(101, 3901, 'GASTAO DE SOUZA MESQUITA', 'F', '53106520868', 'FAZENDA MATAO I I - A', '87900000', 'ZONA RURAL', 'LOANDA', 'PR', 32),
(102, 3905, 'AGRICOLA MORENO DE LUIZ ANTONIO LTDA - EM RECUPERACAO JUDICIAL', 'J', '15417965000151', 'RODOVIA SP 253 KM 160,3', '14210000', 'ZONA RURAL', 'LUIS ANTONIO', 'SP', 32),
(103, 3906, 'AGRICOLA MORENO DE NIPOA LTDA EM RECUPERACAO JUDICIAL', 'J', '15418409000108', 'ESTRADA VICINAL GOVERNADOR MARIO COVAS KM 7,7', '15260000', 'ZONA RURAL', 'PLANALTO', 'SP', 32),
(104, 3907, 'CENTRAL ENERGETICA MORENO ACUCAR E ALCOOL LTDA.', 'J', '45765914000181', 'RODOVIA SP 253 KM 160', '14210000', 'ZONA RURAL', 'LUIS ANTONIO', 'SP', 32),
(105, 3908, 'CENTRAL ENERGETICA MORENO DE MONTE APRAZIVEL ACUCAR E ALCOOL LTDA EM RECUPERACAO JUDICIAL', 'J', '4171382000177', 'RODOVIA JOAO PEDRO REZENDE KM 10,1', '15150000', 'ZONA RURAL', 'MONTE APRAZIVEL', 'SP', 32),
(106, 3909, 'COPLASA - ACUCAR E ALCOOL LTDA EM RECUPERACAO JUDICIAL', 'J', '5928246000141', 'ESTRADA VICINAL GOVERNADOR MARIO COVAS KM 7,7', '15260000', 'ZONA RURAL', 'PLANALTO', 'SP', 32),
(107, 3912, 'CLEIDE APARECIDA FORTUNATA AMENDOLA GUIDELI E OUTROS', 'J', '8356973000170', 'FAZENDA SANTA MARIA GLEBA 22', '14870970', 'GRAMINHA', 'JABOTICABAL', 'SP', 32),
(108, 3902, 'GASTAO DE SOUZA MESQUITA', 'F', '53106520868', 'FAZENDA RANCHO FUNDO', '87980000', 'ZONA RURAL', 'ITAUNA DO SUL', 'PR', 32),
(109, 3903, 'GASTAO DE SOUZA MESQUITA', 'F', '53106520868', 'SITIO N. S. DAS GRACAS', '87980000', 'ZONA RURAL', 'ITAUNA DO SUL', 'PR', 32),
(110, 3930, 'DONALDSON ANTONIO BREDA', 'J', '8372481000178', 'FAZENDA SAO DOMINGOS', '15400000', 'LARANJEIRAS', 'OLIMPIA', 'SP', 32),
(111, 3924, 'LEONARDO MENDONCA TAVARES', 'F', '27503559829', 'FAZENDA BAUZINHO CABELEIRA', '75909999', 'ZONA RURAL', 'RIO VERDE', 'GO', 32),
(112, 3919, 'AGROPECUARIA PRIMAVERA LTDA', 'J', '33277096000199', 'FAZENDA BOA ESPERANCA', '75930000', 'ZONA RURAL', 'MAURILANDIA', 'GO', 32),
(113, 3920, 'FLORESTA AGRICOLA LTDA', 'J', '12502755000173', 'FAZENDA FLORESTA', '75935000', 'ZONA RURAL', 'SANTO ANTONIO DA BARRA', 'GO', 32),
(114, 3921, 'CAMBUI ACUCAR E ALCOOL LTDA', 'J', '9022388000104', 'RODOVIA  BR 452 KM 33', '75920000', 'ZONA RURAL', 'SANTA HELENA DE GOIAS', 'GO', 32),
(115, 3922, 'SUSANA RIBEIRO DE MENDONCA PIRES DE CAMPOS', 'F', '17225369857', 'FAZENDA BOA SORTE', '75500000', 'ZONA RURAL', 'ITUMBIARA', 'GO', 32),
(116, 3923, 'SUSANA RIBEIRO DE MENDONCA PIRES DE CAMPOS', 'F', '17225369857', 'FAZENDA FLORESTA', '75935000', 'ZONA RURAL', 'SANTO ANTONIO DA BARRA', 'GO', 32),
(117, 4020, 'BIOENERGETICA AROEIRA S.A.', 'J', '8355201000113', 'RODOVIA BR 452, KM 77', '38480000', 'ZONA RURAL', 'TUPACIGUARA', 'MG', 32),
(118, 4021, 'JOSE ERNESTO CADELCA E OUTRO(S)', 'F', '59499630830', 'FAZENDA BETEL', '38415999', 'ZONA RURAL', 'UBERLANDIA', 'MG', 32),
(119, 4023, 'JOSE ERNESTO CADELCA E OUTRO(S)', 'F', '59499630830', 'FAZENDA STA LUZIA', '38170000', 'ZONA RURAL', 'PERDIZES', 'MG', 32),
(120, 4024, 'JOSE ERNESTO CADELCA E OUTRO(S)', 'F', '59499630830', 'FAZENDA FLORESTA', '38099999', 'ZONA RURAL', 'UBERABA', 'MG', 32),
(121, 4025, 'JOSE ERNESTO CADELCA E OUTRO(S)', 'F', '59499630830', 'FAZENDA SUCUPIRA', '38408369', 'SEGISMUNDO PEREIRA', 'UBERLANDIA', 'MG', 32),
(122, 3985, 'JOSE ERNESTO CADELCA E OUTRO(S)', 'F', '59499630830', 'FAZENDA SANTA ROSA', '38160000', 'ZONA RURAL', 'NOVA PONTE', 'MG', 32),
(123, 3986, 'JOSE ERNESTO CADELCA E OUTRO(S)', 'F', '59499630830', 'FAZENDA BOM JARDIM', '38415999', 'ZONA RURAL', 'UBERLANDIA', 'MG', 32),
(124, 3990, 'AGRICOLA PENARIOL LTDA', 'J', '38174589000206', 'SITIO PAU DALHO', '14870970', 'ZONA RURAL', 'JABOTICABAL', 'SP', 32),
(125, 4005, 'PECUARIA BR S.A.', 'J', '11415799000284', 'ESTANCIA PECUARIA BR', '79190970', 'ZONA RURAL', 'TERENOS', 'MS', 32),
(126, 4014, 'AGROPECUARIA DOIS VIZINHOS LTDA', 'J', '97385876000135', 'RUA GUILHERME GUZZO', '85660000', 'CENTRO', 'DOIS VIZINHOS', 'PR', 32),
(127, 4039, 'PERBONI S/A', 'J', '4940750000951', 'ROD SC 114, KM 01', '88600000', 'DISTRITO INDUSTRIAL', 'SAO JOAQUIM', 'SC', 32),
(128, 4059, 'MARCIO EDUARDO TRINCA E OUTRO', 'J', '26394761000169', 'SITIO SAO JOSE', '15400000', 'BAGUACU', 'OLIMPIA', 'SP', 32),
(129, 4078, 'JOSE WALLACE TAYT SOHN CORREA', 'F', '5755003793', 'RUA JOSE BINO CORREA', '25985010', 'µGUA QUENTE', 'TERESOPOLIS', 'RJ', 32),
(130, 3972, 'RENATO GARCIA FERNANDES E OUTROS', 'F', '79181953887', 'FAZENDA QUATRO IRMAS', '38150000', 'ZONA RURAL', 'VERISSIMO', 'MG', 32),
(131, 4006, 'JESUS ANTONIO DAROZ', 'J', '39365554000470', 'SITIO NOSSA SENHORA DO MONTE SERRATO', '15409899', 'ZONA RURAL', 'OLIMPIA', 'SP', 32),
(132, 4029, 'ANTONIO DONIZETI PELEGRINI E OUTRA', 'J', '34997311000199', 'FAZENDA FAZENDA SAO FRANCISCO DE ASSIS I', '15145000', 'ZONA RURAL', 'MIRASSOLANDIA', 'SP', 32),
(133, 4103, 'ANTONIO FERNANDO LEITE', 'J', '8449479000150', 'FAZENDA D OESTE', '18260000', 'ZONA RURAL', 'PORANGABA', 'SP', 32),
(134, 4104, 'JOSE ERNESTO CADELCA E OUTRO(S)', 'F', '59499630830', 'FAZENDA SAO JOAQUIM', '38415999', 'ZONA RURAL', 'UBERLANDIA', 'MG', 32),
(135, 4102, 'CTC - CENTRO DE TECNOLOGIA CANAVIEIRA S.A.', 'J', '6981381001276', 'FAZENDA SANTA VERIDIANA', '14860000', 'ZONA RURAL', 'BARRINHA', 'SP', 32),
(136, 4108, 'PAULO DE TARSO FRANCA DE CARVALHO', 'F', '61516465768', 'FAZENDA BOA VISTA', '36106000', 'ZONA RURAL', 'JUIZ DE FORA', 'MG', 32),
(137, 4147, 'VINICIUS CASTRO MENDONCA', 'J', '30966770000316', 'FAZENDA BOAVENTURA', '14460000', 'ZONA RURAL', 'CRISTAIS PAULISTA', 'SP', 32),
(138, 4146, 'GILMAR PEREIRA SALES', 'F', '706049756', 'LUG NOVA ERA', '28300000', 'ZONA RURAL', 'ITAPERUNA', 'RJ', 32),
(139, 4156, 'ANTONIO APARECIDO CHIMELLO E OUTROS', 'J', '20826726000195', 'SITIO PASSA TEMPO', '15825000', 'ZONA RURAL', 'PARAISO', 'SP', 32),
(140, 4174, 'AGRO PECUARIA CURVO LTDA', 'J', '28319507000121', 'ETR CORREGO SUJO', '25995470', 'SANTA ROSO', 'TERESOPOLIS', 'RJ', 32),
(141, 4166, 'RAIZEN ENERGIA S.A', 'J', '8070508000330', 'FAZENDA PAU DALHO', '17340000', 'ZONA RURAL', 'BARRA BONITA', 'SP', 32),
(142, 4167, 'GDM GENETICA DO BRASIL S. A', 'J', '7007165000991', 'R CAMPO GRANDE', '78455000', 'INDUSTRIAL I', 'LUCAS DO RIO VERDE', 'MT', 32),
(143, 4190, 'BENTO REDIVO', 'J', '7991978000101', 'FAZENDA SANTO ANTONIO', '19350000', 'ZONA RURAL', 'EMILIANOPOLIS', 'SP', 32),
(144, 4207, 'HUGO LEONARDO JOSE DA COSTA', 'F', '4136768974', 'SITIO BOM - ESTRADA HAITI KM 7 - LT 31-D, 31-E/REM - GLEBA 12', '87504050', 'ZONA RURAL', 'UMUARAMA', 'PR', 32),
(145, 4196, 'RAPHAEL QUEIROZ DE QUEIROZ e outro(s)', 'F', '29544888837', 'FAZENDA PARAFUSO', '38260000', 'ZONA RURAL', 'SAO FRANCISCO DE SALES', 'MG', 32),
(146, 4199, 'CAMILO DONIZETE FERNANDES', 'J', '40556547000192', 'SITIO GLEBA M', '13250970', 'SANTO ANTONIO', 'ITATIBA', 'SP', 32),
(147, 4234, 'EDUARDO JORGE TANNOUS', 'F', '9898346892', 'FAZENDA CAMPO ALEGRE', '38220000', 'ZONA RURAL', 'PLANURA', 'MG', 32),
(148, 4235, 'ALDO ANTONIO BISSOLOTTI', 'F', '34624651987', 'FAZENDA BISSOLOTTI', '78690000', 'ZONA RURAL', 'NOVA XAVANTINA', 'MT', 32),
(149, 4273, 'ANDRE CANOSO BOTTURA', 'J', '35769117001603', 'FAZENDA SANTA TEREZA', '15800971', 'CORREGO DOS TENENTES', 'CATANDUVA', 'SP', 32),
(150, 4238, 'IPE AGRICOLA LTDA', 'J', '31049713000769', 'FAZENDA SANTA CRUZ - RODOVIA VICINAL DR. HORACIO RAMALHO KM 4.3', '15900000', 'ZONA RURAL', 'TAQUARITINGA', 'SP', 32),
(151, 4293, 'LAURO MARCOS APARECIDO IVAN E OUTRO(S)', 'F', '2639418840', 'FAZENDA SAO MARCILIO E DOURADINHOS', '38207899', 'ZONA RURAL', 'FRUTAL', 'MG', 32),
(152, 4269, 'CARMEM IZILDINHA CARNEIRO LEAO PENARIOL E OUTROS', 'J', '43122031001108', 'FAZENDA BERTATE', '15910000', 'ZONA RURAL', 'MONTE ALTO', 'SP', 32),
(153, 4278, 'ROBERTO JOSE SWART E OUTRO(S)', 'F', '14875190875', 'SITIO NOVA FLOR', '37795000', 'PITANGUEIRAS', 'ANDRADAS', 'MG', 32),
(154, 4310, 'IPE AGRICOLA LTDA', 'J', '31049713001579', 'FAZENDA TANQUE ALTO', '14897899', 'ZONA RURAL', 'JABOTICABAL', 'SP', 32),
(155, 4311, 'IPE AGRICOLA LTDA', 'J', '31049713001226', 'FAZENDA TANQUE', '14897899', 'ZONA RURAL', 'JABOTICABAL', 'SP', 32),
(156, 4312, 'IPE AGRICOLA LTDA', 'J', '31049713001498', 'FAZENDA THEONE', '14897899', 'ZONA RURAL', 'JABOTICABAL', 'SP', 32),
(157, 4313, 'IPE AGRICOLA LTDA', 'J', '31049713000840', 'FAZENDA SAO PEDRO', '15900000', 'ZONA RURAL', 'TAQUARITINGA', 'SP', 32),
(158, 4314, 'IPE AGRICOLA LTDA', 'J', '31049713001145', 'SITIO SAO JORGE', '15970000', 'ZONA RURAL', 'SANTA ERNESTINA', 'SP', 32),
(159, 4315, 'IPE AGRICOLA LTDA', 'J', '31049713001650', 'FAZENDA SAO JOAO CAVICHIOLLI', '15970000', 'ZONA RURAL', 'SANTA ERNESTINA', 'SP', 32),
(160, 4316, 'IPE AGRICOLA LTDA', 'J', '31049713002206', 'FAZENDA TATU/MARQUESAN', '15994500', 'ZONA RURAL', 'MATAO', 'SP', 32),
(161, 4332, 'CARMEM IZILDINHA CARNEIRO LEAO PENARIOL E OUTROS', 'J', '43122031000713', 'FAZENDA SANTA MARIA', '14870970', 'ZONA RURAL', 'JABOTICABAL', 'SP', 32),
(162, 4338, 'RAIZEN ENERGIA S.A', 'J', '8070508006613', 'RODOVIA ELIEZER MONTENEGRO MAGALHAES KM 58', '16080603', 'PARQUE INDL ARACATUB', 'ARACATUBA', 'SP', 32),
(163, 4373, 'AZAEL EDGARD PIZZOLATO JUNIOR E OUTRA', 'J', '48583013000167', 'FAZENDA SANTA MARIA - SEDE', '14897899', 'ZONA RURAL', 'JABOTICABAL', 'SP', 32),
(164, 4394, 'JOSE ERNESTO CADELCA E OUTRO(S)', 'F', '59499630830', 'FAZ SAO DOMINGOS', '38415999', 'ZONA RURAL', 'UBERLANDIA', 'MG', 32),
(165, 4457, 'WILSON CAMPOS DOS SANTOS', 'F', '5235417674', 'SITIO TRES ITAS', '38220000', 'ZONA RURAL', 'PLANURA', 'MG', 32),
(166, 4458, 'RAFAEL BRITO DIAS E OUTRO(S)', 'F', '32869111860', 'FAZENDA SANTO ANTONIO', '38220000', 'ZONA RURAL', 'PLANURA', 'MG', 32),
(167, 4471, 'AGRICOLA ALMEIDA LTDA EM RECUPERACAO JUDICIAL', 'J', '51482461000189', 'FAZENDA VISTA ALEGRE', '18209600', 'PINHAL', 'ITAPETININGA', 'SP', 32),
(168, 4531, 'BIOENERGETICA VALE DO PARACATU LTDA', 'J', '8793343000162', 'ROD MG 181, KM 131, ESTRADA DA FAZ SAO GERALDO', '38770000', 'ZONA RURAL', 'JOAO PINHEIRO', 'MG', 32),
(169, 4597, 'VALE DO PARACATU BIOENERGIA S.A.', 'J', '7459492000127', 'ROD LMG 680, KM 80,5', '38609899', 'RODOVIA LMG 680 KM 2', 'PARACATU', 'MG', 32),
(170, 4618, 'LUIZ LOURENCO JUNIOR', 'F', '94308616972', 'FAZ GETULINA LOTES 76 E 77', '87430000', 'TAMARANINHA', 'TAPEJARA', 'PR', 32),
(171, 4624, 'LUIZ LOURENCO', 'F', '661554953', 'FAZ CARIACU - LOTES 425 A 430 E 431 A 435', '87220000', 'ZONA RURAL', 'SAO TOME', 'PR', 32),
(172, 4671, 'ASSOCIACAO DOS FORNECEDORES DE CANA DA REGIAO DE CAMPO FLORIDO', 'J', '4197515000184', 'RODOVIA BR 262 KM 877', '38130000', 'VILA JUNQUEIRA', 'CAMPO FLORIDO', 'MG', 32),
(173, 4695, 'USINA BATATAIS S/A ACUCAR E ALCOOL', 'J', '54470679000101', 'FAZENDA USINA BATATAIS - CX POSTAL 62', '14319899', 'AREA RURAL DE BATATA', 'BATATAIS', 'SP', 32),
(174, 4720, 'USINA SANTA ADELIA S/A', 'J', '50376938000936', 'RODOVIA SP 310 KM 643', '15378899', 'ZONA RURAL', 'PEREIRA BARRETO', 'SP', 32),
(175, 4731, 'USINA ALTA MOGIANA S/A-ACUCAR E ALCOOL', 'J', '53009825000133', 'FAZENDA SANTANA - RODOVIA PREFEITO FABIO TALARICO KM 89', '14600000', 'ZONA RURAL', 'SAO JOAQUIM DA BARRA', 'SP', 32),
(176, 4845, 'PECPLAN ABS IMPORTACAO E EXPORTACAO LTDA', 'J', '60431863000145', 'ROD BR 050 KM 196 + 150 METROS', '38108000', 'ZONA RURAL', 'DELTA', 'MG', 32),
(177, 4858, 'PAULO FERNANDO CAVALCANTI DE MORAIS FILHO', 'F', '44271328472', 'RUA WASHINGTON LUIZ', '38350000', 'CENTRO', 'IPIACU', 'MG', 32),
(178, 4867, 'EMPRESA DE PESQUISA AGROPECUARIA DE MINAS GERAIS - EPAMIG', 'J', '17138140002258', 'RUA AFONSO RATO', '38060040', 'MERCES', 'UBERABA', 'MG', 32),
(179, 3011, 'VALE DO TIJUCO ACUCAR E ALCOOL S.A', 'J', '8493354000127', 'RODOVIA BR-050 KM 121', '38056050', 'DISTRITO INDUSTRIAL', 'UBERABA', 'MG', 32),
(180, 4942, 'EAO EMPREENDIMENTOS AGROPECUARIOS E ORGANIZACOES LTDA', 'J', '141269000783', 'FAZ REUNIDAS UBERABA - ROD MG 427 UBERABA, CONCEICAO DAS ALAGOAS, KM 12', '38001971', 'ZONA RURAL', 'UBERABA', 'MG', 32),
(181, 5045, 'ALMERITA DA CONCEICAO ROCHA XAVIER', 'F', '16108825634', 'FAZENDA VOA ESPERANCA', '38130000', 'ZONA RURAL', 'CAMPO FLORIDO', 'MG', 32),
(182, 5154, 'BENEDITO MARQUES GAMBARATO', 'F', '62781464872', 'FAZENDA SANTA LUZIA', '38130000', 'ZONA RURAL', 'CAMPO FLORIDO', 'MG', 32),
(183, 5155, 'IGOR GUILHERME GAMBARATO', 'F', '31313952818', 'FAZENDA BOA VISTA/DOURADOS', '38210000', 'ZONA RURAL', 'PIRAJUBA', 'MG', 32),
(184, 5156, 'ASSOCIACAO BRASILEIRA DOS CRIADORES DE ZEBU', 'J', '25441650000101', 'PRACA VICENTINO RODRIGUES DA CUNHA', '38022330', 'PARQUE', 'UBERABA', 'MG', 32),
(185, 5263, 'SILVIO DE CASTRO CUNHA JUNIOR', 'F', '34636030630', 'FAZ SAO SEBASTIAO', '38130000', 'ZONA RURAL', 'CAMPO FLORIDO', 'MG', 32),
(186, 5275, 'SAO MARTINHO S/A', 'J', '51466860000156', 'FAZENDA SAO MARTINHO', '14850000', 'ZONA RURAL', 'PRADOPOLIS', 'SP', 32),
(187, 5276, 'SAO MARTINHO S/A', 'J', '51466860002957', 'RODOVIA USINA IRACEMA', '13499899', 'IRACEMAPOLIS', 'IRACEMAPOLIS', 'SP', 32),
(188, 5277, 'SAO MARTINHO S/A', 'J', '51466860006278', 'RODOVIA  GO 164 KM 10', '75860000', 'ZONA RURAL', 'QUIRINOPOLIS', 'GO', 32),
(189, 5297, 'SAO MARTINHO S/A', 'J', '51466860005034', 'FAZENDA SANTA CRUZ', '14824899', 'AREA RURAL DE AMERIC', 'AMERICO BRASILIENSE', 'SP', 32),
(190, 5299, 'LEONARDO LEAL LOPES', 'F', '36016585858', 'FAZENDA MOENDA', '38140000', 'ZONA RURAL', 'PRATA', 'MG', 32),
(191, 5302, 'RIO DA PRATA AGRICOLA LTDA', 'J', '2689282000101', 'AV ANTONIO FAZANARO', '38777000', 'DISTRITO DE SAO SEBA', 'JOAO PINHEIRO', 'MG', 32),
(192, 5305, 'PAULO HENRIQUE DA COSTA', 'J', '31303333000113', 'SITIO CANAA', '15820000', 'ZONA RURAL', 'PIRANGI', 'SP', 32),
(193, 5373, 'MARCIA CLEMENTINA BALBI JARDIM', 'J', '8835716000110', 'RODOVIA RAPOSO TAVARES KM245+23 KM ESTR. SECUNDARIA', '18720000', 'CHARQUINHO', 'PARANAPANEMA', 'SP', 32),
(194, 5374, 'ANTONIO NUNES GALVAO E OUTROS', 'J', '26698658000102', 'ROD SP 253 KM', '14210000', 'FAZENDA CAPÇO DA CRU', 'LUIS ANTONIO', 'SP', 32),
(195, 5387, 'AGROPECUARIA QUEIROZ DE QUEIROZ LTDA', 'J', '17860291000190', 'FAZ FAZENDINHA', '38200000', 'AREA RURAL DE FRUTAL', 'FRUTAL', 'MG', 32),
(196, 5394, 'VALE DO PARANA S/A ALCOOL E ACUCAR', 'J', '5938884000143', 'RODOVIA SP 595, KM 84 - 800 M', '15380000', 'ZONA RURAL', 'SUZANAPOLIS', 'SP', 32),
(197, 5405, 'MARIA ARTEMIA DE CASTRO ANDRADE', 'F', '3835733869', 'FAZENDA CERRADAO', '38207899', 'ZONA RURAL', 'FRUTAL', 'MG', 32),
(198, 5440, 'GASTAO DE SOUZA MESQUITA FILHO', 'F', '30906773857', 'CHACARA JASPER', '87970000', 'ZONA RURAL', 'NOVA LONDRINA', 'PR', 32),
(199, 5441, 'MARCELO FERNANDES DE OLIVEIRA', 'F', '8555957877', 'SITIO IRMAOS MARINI', '87960000', 'ZONA RURAL', 'MARILENA', 'PR', 32),
(200, 5442, 'ANTONIO PAULO VAZ', 'F', '1345134878', 'SITIO MARILENA (SINVAL)', '87960000', 'ZONA RURAL', 'MARILENA', 'PR', 32),
(201, 5445, 'ANTONIO PAULO VAZ', 'F', '1345134878', 'FAZENDA VISTA ALEGRE', '87880000', 'ZONA RURAL', 'GUAIRACA', 'PR', 32),
(202, 5446, 'GASTAO DE SOUZA MESQUITA FILHO', 'F', '30906773857', 'FAZENDA VISTA ALEGRE', '87880000', 'ZONA RURAL', 'GUAIRACA', 'PR', 32),
(203, 5447, 'BEATRIZ FERREIRA DE CAMARGO MESQUITA', 'F', '32353750826', 'FAZENDA NOVO HORIZONTE', '87960000', 'ZONA RURAL', 'MARILENA', 'PR', 32),
(204, 5425, 'NILCE KIMIE ABE', 'F', '74799550900', 'LOTES 228 E 229 - GLEBA CANANEIA', '87230000', 'ZONA RURAL', 'JUSSARA', 'PR', 32),
(205, 5428, 'BEATRIZ FERREIRA DE CAMARGO MESQUITA', 'F', '32353750826', 'LOTES 21, 22, 23 E 24 - GLEBA FLORESTA', '87230000', 'ZONA RURAL', 'JUSSARA', 'PR', 32),
(206, 5429, 'CHRISTIANO FERREIRA DE CAMARGO MESQUITA', 'F', '31083284843', 'LOTES 21, 22, 23 E 24 - GLEBA FLORESTA', '87230000', 'ZONA RURAL', 'JUSSARA', 'PR', 32),
(207, 5432, 'AGRICOLA PENARIOL LTDA.', 'J', '38174589000117', 'AV QUINZE DE NOVEMBRO', '14870000', 'CENTRO', 'JABOTICABAL', 'SP', 32),
(208, 5448, 'BEATRIZ FERREIRA DE CAMARGO MESQUITA', 'F', '32353750826', 'SITIO VALE DO TIGRE', '87970000', 'ZONA RURAL', 'NOVA LONDRINA', 'PR', 32),
(209, 5449, 'BEATRIZ FERREIRA DE CAMARGO MESQUITA', 'F', '32353750826', 'FAZENDA MATAO II', '87900000', 'ZONA RURAL', 'LOANDA', 'PR', 32),
(210, 5454, 'JACKSON JOSE MOREIRA DA SILVA E OUTROS', 'J', '8572699000176', 'FAZENDA BELA VISTA', '15400000', 'BAGUAU', 'OLIMPIA', 'SP', 32),
(211, 5434, 'CARLOS EDUARDO DERUSSI DE AQUINO', 'F', '37322506871', 'FAZENDA CAB AGROPECUARIA LTDA', '38130000', 'ZONA RURAL', 'CAMPO FLORIDO', 'MG', 32),
(212, 5444, 'CHRISTIANO FERREIRA DE CAMARGO MESQUITA', 'F', '31083284843', 'FAZENDA POTIM', '87970000', 'ZONA RURAL', 'NOVA LONDRINA', 'PR', 32),
(213, 5523, 'EDENILDA APARECIDA MARTA MALAGI', 'J', '29950182000143', 'SITIO TRES IRMAS', '18682970', 'ZONA RURAL', 'LENCOIS PAULISTA', 'SP', 32),
(214, 5509, 'SADA BIO-ENERGIA E AGRICULTURA LTDA', 'J', '6044698000808', 'LOTE 3022 PROJETO JAIBA ETAPA II GLEBA G1', '39508000', 'JAIBA', 'JAIBA', 'MG', 32),
(215, NULL, 'tes', 'J', '1238142774', 'Rua Alexandre Detogni, 275', '14882-112', 'Jardim São Marcos', 'Jaboticabal', 'SP', 10);

-- --------------------------------------------------------

--
-- Estrutura para tabela `e120ipd`
--

CREATE TABLE `e120ipd` (
  `NumPed` int(10) NOT NULL,
  `TnsPro` varchar(5) NOT NULL,
  `CodPro` varchar(10) NOT NULL,
  `DesPro` varchar(200) NOT NULL,
  `CodLot` varchar(20) NOT NULL,
  `QtdPed` float NOT NULL,
  `QtdFat` float NOT NULL,
  `QtdCan` float NOT NULL,
  `PreUni` float NOT NULL,
  `TotIte` float NOT NULL
) ENGINE=InnoDB DEFAULT CHARSET=latin1 COLLATE=latin1_swedish_ci;

--
-- Despejando dados para a tabela `e120ipd`
--

INSERT INTO `e120ipd` (`NumPed`, `TnsPro`, `CodPro`, `DesPro`, `CodLot`, `QtdPed`, `QtdFat`, `QtdCan`, `PreUni`, `TotIte`) VALUES
(12036, '90100', '020240033', 'PROTEMAX FOLIAR - EMBALAGEM 20L', '', 50, 50, 0, 400, 20000),
(12036, '90100', '020240021', 'MAGNESIO BIOMETAL FOLIAR - EMBALAGEM 20L', '', 50, 50, 0, 360, 18000),
(12044, '90100', '020240033', 'PROTEMAX FOLIAR - EMBALAGEM 20L', '', 6, 6, 0, 520, 3120),
(12050, '90100', '020240169', 'PROTEMAX VEGETATIVO - EMBALAGEM 20L', '', 75, 75, 0, 520, 39000),
(12051, '90100', '020240015', 'BORO BIOMETAL FOLIAR - EMBALAGEM 20L', '', 50, 50, 0, 340, 17000),
(12054, '90100', '020240100', 'PROTEMAX FOLIAR - IBC 1000L - UNICA', '', 16, 16, 0, 17750, 284000),
(12083, '90100', '020240015', 'BORO BIOMETAL FOLIAR - EMBALAGEM 20L', '', 20, 20, 0, 340, 6800),
(12084, '90100', '020240015', 'BORO BIOMETAL FOLIAR - EMBALAGEM 20L', '', 200, 200, 0, 340, 68000),
(12088, '90100', '020240015', 'BORO BIOMETAL FOLIAR - EMBALAGEM 20L', '', 380, 380, 0, 340, 129200),
(12174, '90100', '020240157', 'PROTEMAX ATR - EMBALAGEM 20L', '', 50, 50, 0, 700, 35000),
(12253, '90100', '020240033', 'PROTEMAX FOLIAR - EMBALAGEM 20L', '', 100, 0, 100, 500, 50000),
(12288, '90100', '020240157', 'PROTEMAX ATR - EMBALAGEM 20L', '', 312, 312, 0, 560, 174720),
(12289, '90100', '020240169', 'PROTEMAX VEGETATIVO - EMBALAGEM 20L', '', 55, 55, 0, 520, 28600),
(12315, '90100', '020240157', 'PROTEMAX ATR - EMBALAGEM 20L', '', 213, 213, 0, 560, 119280),
(12339, '90103', '020240157', 'PROTEMAX ATR - EMBALAGEM 20L', '', 1, 1, 0, 560, 560),
(12347, '90100', '020240033', 'PROTEMAX FOLIAR - EMBALAGEM 20L', '', 40, 40, 0, 430, 17200),
(12348, '90100', '020240033', 'PROTEMAX FOLIAR - EMBALAGEM 20L', '', 60, 60, 0, 430, 25800),
(12349, '90100', '020240033', 'PROTEMAX FOLIAR - EMBALAGEM 20L', '', 50, 50, 0, 430, 21500),
(12350, '90100', '020240284', 'NPA SUPER BASE - CAIXA 20X1 L', '', 3, 3, 0, 2000, 6000),
(12375, '90100', '020240292', 'NPA SUPER BASE - EMBALAGEM 1L', '', 6, 6, 0, 90, 540),
(12412, '90100', '020240100', 'PROTEMAX FOLIAR - IBC 1000L - UNICA', '', 4, 0, 0, 20000, 80000),
(12412, '90100', '020240033', 'PROTEMAX FOLIAR - EMBALAGEM 20L', '', 34, 0, 0, 400, 13600),
(12431, '90103', '020240357', 'NPA SUPER BASE - CAIXA 14X0,5 KG', '', 3, 3, 0, 666, 2000),
(12458, '90100', '020240385', 'NPA SUPER BASE - EMBALAGEM 20L', '', 15, 0, 0, 1600, 24000);

-- --------------------------------------------------------

--
-- Estrutura para tabela `e120ped`
--

CREATE TABLE `e120ped` (
  `NumPed` int(8) NOT NULL,
  `TnsPro` varchar(5) NOT NULL,
  `DatEmi` varchar(10) NOT NULL,
  `DatPrv` varchar(10) NOT NULL,
  `CodCli` int(10) NOT NULL,
  `CodRep` int(8) NOT NULL,
  `CodTra` int(8) NOT NULL,
  `NomTra` varchar(50) NOT NULL,
  `CifFob` varchar(1) NOT NULL,
  `TotPed` float NOT NULL,
  `SitPed` int(1) NOT NULL,
  `ObsPed` text NOT NULL
) ENGINE=InnoDB DEFAULT CHARSET=latin1 COLLATE=latin1_swedish_ci;

--
-- Despejando dados para a tabela `e120ped`
--

INSERT INTO `e120ped` (`NumPed`, `TnsPro`, `DatEmi`, `DatPrv`, `CodCli`, `CodRep`, `CodTra`, `NomTra`, `CifFob`, `TotPed`, `SitPed`, `ObsPed`) VALUES
(12036, '90100', '03/01/2025', '03/01/2025', 3861, 32, 0, '', 'C', 38000, 4, ''),
(12044, '90100', '06/01/2025', '06/01/2025', 3990, 32, 0, '', 'C', 3120, 4, ''),
(12050, '90100', '07/01/2025', '07/01/2025', 4597, 32, 0, '', 'C', 39000, 4, ''),
(12051, '90100', '07/01/2025', '07/01/2025', 3782, 32, 0, '', 'F', 17000, 4, ''),
(12054, '90100', '07/01/2025', '07/01/2025', 3456, 32, 0, '', 'C', 284000, 4, ''),
(12083, '90100', '15/01/2025', '15/01/2025', 3899, 32, 1125, '', 'F', 6800, 4, ''),
(12084, '90100', '15/01/2025', '15/01/2025', 3898, 32, 1125, '', 'F', 68000, 4, ''),
(12088, '90100', '15/01/2025', '15/01/2025', 3894, 32, 1125, '', 'F', 129200, 4, ''),
(12174, '90100', '29/01/2025', '29/01/2025', 5509, 32, 1239, '', 'F', 35000, 4, ''),
(12253, '90100', '10/02/2025', '10/02/2025', 5523, 32, 0, '', 'C', 50000, 5, ''),
(12288, '90100', '14/02/2025', '14/02/2025', 4531, 32, 0, '', 'C', 174720, 4, ''),
(12289, '90100', '14/02/2025', '14/02/2025', 4531, 32, 0, '', 'C', 28600, 4, ''),
(12315, '90100', '19/02/2025', '19/02/2025', 4531, 32, 1186, '', 'C', 119280, 4, ''),
(12339, '90103', '24/02/2025', '24/02/2025', 4531, 32, 0, '', 'C', 560, 4, ''),
(12347, '90100', '24/02/2025', '24/02/2025', 4025, 32, 0, '', 'C', 17200, 4, ''),
(12348, '90100', '24/02/2025', '24/02/2025', 4025, 32, 0, '', 'C', 25800, 4, ''),
(12349, '90100', '24/02/2025', '24/02/2025', 4025, 32, 0, '', 'C', 21500, 4, ''),
(12350, '90100', '24/02/2025', '24/02/2025', 3706, 32, 0, '', 'C', 6000, 4, ''),
(12375, '90100', '27/02/2025', '27/02/2025', 3990, 32, 0, '', 'C', 540, 4, ''),
(12412, '90100', '10/03/2025', '10/03/2025', 4731, 32, 0, '', 'C', 93600, 1, ''),
(12431, '90103', '14/03/2025', '14/03/2025', 3706, 32, 0, '', 'C', 2000, 4, ''),
(12458, '90100', '20/03/2025', '20/03/2025', 4531, 32, 0, '', 'C', 24000, 1, '');

-- --------------------------------------------------------

--
-- Estrutura para tabela `e301tcr`
--

CREATE TABLE `e301tcr` (
  `id` int(10) NOT NULL,
  `NumTit` varchar(10) NOT NULL,
  `CodCli` int(8) NOT NULL,
  `VctTit` varchar(10) NOT NULL,
  `VlrAbe` float NOT NULL
) ENGINE=InnoDB DEFAULT CHARSET=latin1 COLLATE=latin1_swedish_ci;

--
-- Despejando dados para a tabela `e301tcr`
--

INSERT INTO `e301tcr` (`id`, `NumTit`, `CodCli`, `VctTit`, `VlrAbe`) VALUES
(1, '10389-1', 3585, '29/03/2021', 255),
(2, '10535-1', 3636, '20/08/2021', 439),
(3, '12117-1', 4081, '07/06/2022', 870),
(4, '12650-1', 4199, '31/10/2022', 300),
(5, '13203-1', 3711, '03/02/2023', 2912),
(6, '18753-1', 5263, '18/04/2025', 12660),
(7, '18754-1', 5263, '20/10/2025', 20000),
(8, '18302-1', 5299, '02/12/2024', 5600),
(9, '18302-2', 5299, '30/12/2024', 5600),
(10, '18546-1', 3894, '05/04/2025', 54400),
(11, '18547-1', 3898, '05/04/2025', 34000),
(12, '18548-1', 5394, '05/04/2025', 47600),
(13, '18549-1', 4531, '27/03/2025', 57200),
(14, '18557-1', 3397, '30/05/2025', 75000),
(15, '18638-1', 3894, '05/04/2025', 78200),
(16, '18639-1', 3898, '05/04/2025', 52700),
(17, '18640-1', 5394, '05/04/2025', 64600),
(18, '18747-1', 5155, '17/04/2025', 6240),
(19, '18776-1', 3861, '15/09/2025', 38000),
(20, '18790-1', 3861, '15/09/2025', 38000),
(21, '18838-1', 3456, '09/04/2025', 284000),
(22, '18935-1', 3894, '23/04/2025', 129200),
(23, '18917-1', 3898, '22/04/2025', 68000),
(24, '18934-1', 3899, '23/04/2025', 6800),
(25, '19003-1', 3456, '29/04/2025', 284000),
(26, '19188-1', 4531, '26/05/2025', 174720),
(27, '19153-1', 4531, '21/07/2025', 28600),
(28, '19154-1', 4531, '20/05/2025', 119280),
(29, '19201-1', 3706, '10/04/2025', 6000),
(30, '19226-1', 3990, '31/03/2025', 540),
(31, '19237-1', 4025, '10/04/2025', 17200),
(32, '19238-1', 4025, '10/04/2025', 25800),
(33, '19239-1', 4025, '10/04/2025', 21500),
(34, '19367-1', 4531, '20/05/2025', 24000);

-- --------------------------------------------------------

--
-- Estrutura para tabela `pedsite`
--

CREATE TABLE `pedsite` (
  `id` int(11) NOT NULL,
  `NumeroPedido` int(10) NOT NULL,
  `nomcli` varchar(200) NOT NULL,
  `datemi` varchar(10) NOT NULL,
  `SitPed` int(1) NOT NULL COMMENT '1(digitado),2(enviado),3(cancelado)',
  `datcriacao` timestamp NOT NULL DEFAULT current_timestamp() ON UPDATE current_timestamp()
) ENGINE=InnoDB DEFAULT CHARSET=latin1 COLLATE=latin1_swedish_ci;

--
-- Despejando dados para a tabela `pedsite`
--

INSERT INTO `pedsite` (`id`, `NumeroPedido`, `nomcli`, `datemi`, `SitPed`, `datcriacao`) VALUES
(5, 251, '48295562001884', '16/04/2025', 1, '2025-04-17 16:55:27'),
(9, 252, '8016566000202', '16/04/2025', 2, '2025-04-17 16:55:43'),
(14, 253, '8016566000202', '16/04/2025', 2, '2025-04-17 16:55:46'),
(17, 254, '48295562001884', '16/04/2025', 1, '2025-04-17 16:55:31'),
(18, 255, '48295562001884', '17/04/2025', 3, '2025-04-17 16:55:36'),
(19, 256, '48295562001884', '17/04/2025', 3, '2025-04-17 16:55:40');

-- --------------------------------------------------------

--
-- Estrutura para tabela `pedsiteitems`
--

CREATE TABLE `pedsiteitems` (
  `id` int(11) NOT NULL,
  `pedsite_id` int(11) NOT NULL,
  `produto` varchar(200) NOT NULL,
  `qtdped` int(11) NOT NULL,
  `preuni` decimal(10,2) NOT NULL,
  `totite` decimal(10,2) NOT NULL,
  `datcriacao` timestamp NOT NULL DEFAULT current_timestamp() ON UPDATE current_timestamp()
) ENGINE=InnoDB DEFAULT CHARSET=latin1 COLLATE=latin1_swedish_ci;

--
-- Despejando dados para a tabela `pedsiteitems`
--

INSERT INTO `pedsiteitems` (`id`, `pedsite_id`, `produto`, `qtdped`, `preuni`, `totite`, `datcriacao`) VALUES
(1, 5, 'teste', 10, 2.50, 0.00, '2025-04-16 12:24:49'),
(2, 9, 't', 10, 2.50, 0.00, '2025-04-16 16:56:22'),
(3, 14, 't', 10, 2.50, 0.00, '2025-04-16 17:09:24'),
(4, 17, 'teste', 10, 2.50, 0.00, '2025-04-16 17:32:09'),
(5, 17, 'teste2', 7, 1.50, 0.00, '2025-04-16 17:32:09'),
(6, 17, 'teste3', 14, 7.50, 0.00, '2025-04-16 17:32:09'),
(7, 18, 'teste1', 10, 2.50, 0.00, '2025-04-17 10:51:47'),
(8, 18, 'teste2', 7, 1.50, 0.00, '2025-04-17 10:51:47'),
(9, 18, 'teste3', 14, 7.50, 0.00, '2025-04-17 10:51:47'),
(10, 18, 'teste4', 15, 8.50, 0.00, '2025-04-17 10:51:47'),
(11, 19, 'teste1', 10, 2.50, 0.00, '2025-04-17 10:52:20');

-- --------------------------------------------------------

--
-- Estrutura para tabela `usuarios`
--

CREATE TABLE `usuarios` (
  `id` int(11) NOT NULL,
  `nome` varchar(100) NOT NULL,
  `email` varchar(100) NOT NULL,
  `senha` varchar(8) NOT NULL,
  `foto` varchar(10) NOT NULL,
  `CodRep` int(8) NOT NULL
) ENGINE=InnoDB DEFAULT CHARSET=latin1 COLLATE=latin1_swedish_ci;

--
-- Despejando dados para a tabela `usuarios`
--

INSERT INTO `usuarios` (`id`, `nome`, `email`, `senha`, `foto`, `CodRep`) VALUES
(1, 'Gue', 'guefacco@gmail.com', 'gue', 'user.png', 10),
(2, 'Manoel', 'manoel@npa.ind.br', 'abc', '', 32),
(3, 'Gabriel', 'gabriel@npa.ind.br', 'abc', '', 0),
(4, 'teste', 'teste@npa.ind.br', 'abc', '', 0),
(5, 'teste', 'teste@npa.ind.br', 'abc', '', 0),
(6, 'teste', 'teste@npa.ind.br', 'abc', '', 0),
(7, 'teste', 'teste@npa.ind.br', 'abc', '', 0),
(8, 'teste', 'teste@npa.ind.br', 'abc', '', 0),
(9, 'teste', 'teste@npa.ind.br', 'abc', '', 0),
(10, 'teste', 'teste@npa.ind.br', 'abc', '', 0),
(11, 'teste', 'teste@npa.ind.br', 'abc', '', 0);

--
-- Índices para tabelas despejadas
--

--
-- Índices de tabela `e075pro`
--
ALTER TABLE `e075pro`
  ADD PRIMARY KEY (`id`);

--
-- Índices de tabela `e085cli`
--
ALTER TABLE `e085cli`
  ADD PRIMARY KEY (`id`);

--
-- Índices de tabela `e120ped`
--
ALTER TABLE `e120ped`
  ADD PRIMARY KEY (`NumPed`);

--
-- Índices de tabela `e301tcr`
--
ALTER TABLE `e301tcr`
  ADD PRIMARY KEY (`id`);

--
-- Índices de tabela `pedsite`
--
ALTER TABLE `pedsite`
  ADD PRIMARY KEY (`id`);

--
-- Índices de tabela `pedsiteitems`
--
ALTER TABLE `pedsiteitems`
  ADD PRIMARY KEY (`id`);

--
-- Índices de tabela `usuarios`
--
ALTER TABLE `usuarios`
  ADD PRIMARY KEY (`id`);

--
-- AUTO_INCREMENT para tabelas despejadas
--

--
-- AUTO_INCREMENT de tabela `e075pro`
--
ALTER TABLE `e075pro`
  MODIFY `id` int(8) NOT NULL AUTO_INCREMENT, AUTO_INCREMENT=100;

--
-- AUTO_INCREMENT de tabela `e085cli`
--
ALTER TABLE `e085cli`
  MODIFY `id` int(11) NOT NULL AUTO_INCREMENT, AUTO_INCREMENT=216;

--
-- AUTO_INCREMENT de tabela `e120ped`
--
ALTER TABLE `e120ped`
  MODIFY `NumPed` int(8) NOT NULL AUTO_INCREMENT, AUTO_INCREMENT=12459;

--
-- AUTO_INCREMENT de tabela `e301tcr`
--
ALTER TABLE `e301tcr`
  MODIFY `id` int(10) NOT NULL AUTO_INCREMENT, AUTO_INCREMENT=35;

--
-- AUTO_INCREMENT de tabela `pedsite`
--
ALTER TABLE `pedsite`
  MODIFY `id` int(11) NOT NULL AUTO_INCREMENT, AUTO_INCREMENT=20;

--
-- AUTO_INCREMENT de tabela `pedsiteitems`
--
ALTER TABLE `pedsiteitems`
  MODIFY `id` int(11) NOT NULL AUTO_INCREMENT, AUTO_INCREMENT=12;

--
-- AUTO_INCREMENT de tabela `usuarios`
--
ALTER TABLE `usuarios`
  MODIFY `id` int(11) NOT NULL AUTO_INCREMENT, AUTO_INCREMENT=12;
COMMIT;

/*!40101 SET CHARACTER_SET_CLIENT=@OLD_CHARACTER_SET_CLIENT */;
/*!40101 SET CHARACTER_SET_RESULTS=@OLD_CHARACTER_SET_RESULTS */;
/*!40101 SET COLLATION_CONNECTION=@OLD_COLLATION_CONNECTION */;
